{"type":"Topology","transform":{"scale":[0.0000039721005522754135,0.0000028666159984798416],"translate":[121.164024,23.125613]},"arcs":[[[10083,9226],[28,-20],[13,-22],[22,-51],[21,-24],[46,-33],[49,-46],[30,-10],[48,-34],[-4,-6],[-47,31],[-32,13],[-46,41],[-49,38],[-20,23],[-24,54],[-16,24],[-19,22]],[[10313,8945],[-12,-18]],[[10301,8927],[-7,-11]],[[10294,8916],[-55,56],[-47,46],[-64,86],[-34,50],[-53,82],[-40,38],[-42,25],[-10,5],[-19,8],[-57,9],[8,14],[50,-4],[5,-2],[2,-2],[12,-8],[48,-33],[52,-37],[41,-59],[46,-68],[64,-83],[52,-43],[21,-18],[39,-33]],[[2819,378],[-35,13],[-88,12],[-128,16],[-161,21],[-95,12]],[[2312,452],[-19,16],[-80,70]],[[2213,538],[1,0],[124,2],[9,-3],[86,-19],[96,4],[91,3],[48,2],[72,7],[109,-8],[-30,-148]],[[2819,378],[-31,-156],[-211,1],[-97,85],[-11,9]],[[2469,317],[-109,94],[-48,41]],[[2752,67],[-145,126]],[[2607,193],[-34,30],[210,-1],[-31,-155]],[[2469,317],[-25,-55],[-97,83],[-28,24],[-77,67],[-116,101],[87,1]],[[2752,67],[-13,-67],[-157,137],[25,56]],[[703,1911],[-58,-536],[-5,-45]],[[640,1330],[-43,24],[-300,133],[-262,122],[-29,109],[-6,20],[48,4],[20,2]],[[68,1744],[192,-50],[97,-48],[99,53],[149,131],[41,93]],[[646,1923],[21,6],[36,-18]],[[1139,1730],[-60,-209],[-73,-139]],[[1006,1382],[-263,2],[-30,-86],[-73,32]],[[703,1911],[27,-13],[153,-75],[134,-49],[95,-35],[27,-9]],[[1324,1484],[-149,-438]],[[1175,1046],[-231,126],[62,210]],[[1139,1730],[8,-3],[15,-72],[19,-15],[9,-8],[60,-14],[16,-52],[58,-82]],[[1324,1484],[68,-93],[94,-133],[20,-25],[98,-27],[7,-70],[-164,-244],[-250,142],[-22,12]],[[68,1744],[38,4],[159,73],[47,7],[121,68],[39,21],[1,1],[95,-15],[78,20]],[[8816,10365],[44,-34],[50,-45],[113,-143],[36,-44],[-10,-7],[-42,-6],[-23,6],[-27,25],[-8,22],[-53,65],[-2,6],[-40,81],[-38,74]],[[9742,9441],[12,-15],[-8,-15]],[[9746,9411],[-12,10]],[[9734,9421],[8,20]],[[9724,9462],[18,-21]],[[9734,9421],[-18,15]],[[9716,9436],[8,26]],[[9708,9472],[16,-10]],[[9716,9436],[-14,11]],[[9702,9447],[6,25]],[[9686,9486],[22,-14]],[[9702,9447],[-23,19]],[[9679,9466],[7,20]],[[9613,9522],[20,-1],[53,-35]],[[9679,9466],[-64,24]],[[9615,9490],[-2,32]],[[9615,9490],[-94,-4]],[[9521,9486],[-66,58],[-24,58],[-12,121]],[[9419,9723],[14,-13],[6,-5],[4,-97],[31,-36],[118,-34],[21,-16]],[[9526,9447],[-5,39]],[[9746,9411],[-7,-13],[-40,30],[-38,26],[-44,8],[-22,-15],[-65,-19],[-2,1],[-2,18]],[[9526,9447],[-81,90],[-19,61],[-15,133],[8,-8]],[[8924,10303],[53,-48],[109,-137],[-8,-6],[-31,38],[-123,153]],[[8743,10455],[2,5]],[[8745,10460],[127,-98],[4,-15],[-60,48],[-5,3],[-57,45],[-11,12]],[[8743,10455],[-45,32],[-16,11],[-16,13],[-4,15],[83,-66]],[[10301,8927],[25,-30],[38,-93],[4,-50],[-7,-51],[14,-88],[33,-115],[49,-69],[14,-39]],[[10471,8392],[-19,7],[-2,26],[-57,57],[-32,90],[-19,89],[-3,117],[-3,15],[-10,33],[-32,90]],[[10313,8945],[12,-10],[19,-17],[49,-101],[1,-58],[-5,-22],[-6,-30],[10,-84],[0,-8],[26,-95],[1,-4],[67,-110],[15,-24],[-31,10]],[[9904,8289],[40,-45],[33,-34],[29,-42],[84,-74],[84,-72],[36,-31],[36,-29],[16,-22],[7,-8],[40,-39],[104,-56],[-6,-15],[24,-32],[-137,-207],[-166,235],[-82,119],[-80,119],[-80,120],[-34,51],[1,1],[51,61]]],"objects":{"tmp":{"type":"GeometryCollection","geometries":[{"arcs":[[0]],"type":"Polygon","properties":{"縣市":"台東縣","鄉鎮市區":"海端鄉","段代碼":"0216","段小段":"廣原段","地號":"02480003","登記面積":"349","使用分區":"山坡地保育區","使用地類別":"農牧用地","公告現值":"170","公告地價":"24","所有權人":{"登記次序":"0001","所有權人":"中華民國","統一編號":"0000000158","所有權人類別":"國有","權利範圍類別":"全部","權利範圍持分分母":"1","權利範圍持分分子":"1","申報地價":"24","管理者名稱":"財政部國有財產署"}}},{"arcs":[[1,2,3]],"type":"Polygon","properties":{"縣市":"台東縣","鄉鎮市區":"海端鄉","段代碼":"0216","段小段":"廣原段","地號":"02510001","登記面積":"1433","使用分區":"山坡地保育區","使用地類別":"農牧用地","公告現值":"170","公告地價":"24","所有權人":{"登記次序":"0001","所有權人":"中華民國","統一編號":"0000000158","所有權人類別":"國有","權利範圍類別":"全部","權利範圍持分分母":"1","權利範圍持分分子":"1","申報地價":"24","管理者名稱":"財政部國有財產署"}}},{"arcs":[[4,5,6]],"type":"Polygon","properties":{"縣市":"台東縣","鄉鎮市區":"海端鄉","段代碼":"0216","段小段":"廣原段","地號":"10730003","登記面積":"7666.12","使用分區":"一般農業區","使用地類別":"農牧用地","公告現值":"200","公告地價":"36","所有權人":{"登記次序":"0002","所有權人":"中華民國","統一編號":"0000000158","所有權人類別":"國有","權利範圍類別":"全部","權利範圍持分分母":"1","權利範圍持分分子":"1","申報地價":"36","管理者名稱":"財政部國有財產署"}}},{"arcs":[[[-5,7,8]],[[9,10]]],"type":"MultiPolygon","properties":{"縣市":"台東縣","鄉鎮市區":"海端鄉","段代碼":"0216","段小段":"廣原段","地號":"10730004","登記面積":"10543.03","使用分區":"一般農業區","使用地類別":"農牧用地","公告現值":"200","公告地價":"36","所有權人":{"登記次序":"0002","所有權人":"中華民國","統一編號":"0000000158","所有權人類別":"國有","權利範圍類別":"全部","權利範圍持分分母":"1","權利範圍持分分子":"1","申報地價":"36","管理者名稱":"財政部國有財產署"}}},{"arcs":[[-6,-9,11]],"type":"Polygon","properties":{"縣市":"台東縣","鄉鎮市區":"海端鄉","段代碼":"0216","段小段":"廣原段","地號":"10730005","登記面積":"2801.2","使用分區":"一般農業區","使用地類別":"農牧用地","公告現值":"200","公告地價":"36","所有權人":{"登記次序":"0002","所有權人":"中華民國","統一編號":"0000000158","所有權人類別":"國有","權利範圍類別":"全部","權利範圍持分分母":"1","權利範圍持分分子":"1","申報地價":"36","管理者名稱":"財政部國有財產署"}}},{"arcs":[[12,-10]],"type":"Polygon","properties":{"縣市":"台東縣","鄉鎮市區":"海端鄉","段代碼":"0216","段小段":"廣原段","地號":"10730009","登記面積":"1497","使用分區":"一般農業區","使用地類別":"農牧用地","公告現值":"200","公告地價":"36","所有權人":{"登記次序":"0002","所有權人":"中華民國","統一編號":"0000000158","所有權人類別":"國有","權利範圍類別":"全部","權利範圍持分分母":"1","權利範圍持分分子":"1","申報地價":"36","管理者名稱":"財政部國有財產署"}}},{"arcs":[[13,14,15,16]],"type":"Polygon","properties":{"縣市":"台東縣","鄉鎮市區":"海端鄉","段代碼":"0216","段小段":"廣原段","地號":"11380001","登記面積":"22714","使用分區":"山坡地保育區","使用地類別":"林業用地","公告現值":"88","公告地價":"14","所有權人":{"登記次序":"0001","所有權人":"中華民國","統一編號":"0000000158","所有權人類別":"國有","權利範圍類別":"全部","權利範圍持分分母":"1","權利範圍持分分子":"1","申報地價":"14","管理者名稱":"財政部國有財產署"}}},{"arcs":[[17,18,-14,19]],"type":"Polygon","properties":{"縣市":"台東縣","鄉鎮市區":"海端鄉","段代碼":"0216","段小段":"廣原段","地號":"11380002","登記面積":"24051","使用分區":"山坡地保育區","使用地類別":"農牧用地","公告現值":"88","公告地價":"14","所有權人":{"登記次序":"0002","所有權人":"中華民國","統一編號":"0000000158","所有權人類別":"國有","權利範圍類別":"全部","權利範圍持分分母":"1","權利範圍持分分子":"1","申報地價":"14","管理者名稱":"財政部國有財產署"}}},{"arcs":[[20,21,-18,22]],"type":"Polygon","properties":{"縣市":"台東縣","鄉鎮市區":"海端鄉","段代碼":"0216","段小段":"廣原段","地號":"11380003","登記面積":"17552","使用分區":"山坡地保育區","使用地類別":"農牧用地","公告現值":"88","公告地價":"14","所有權人":{"登記次序":"0001","所有權人":"中華民國","統一編號":"0000000158","所有權人類別":"國有","權利範圍類別":"全部","權利範圍持分分母":"1","權利範圍持分分子":"1","申報地價":"14","管理者名稱":"財政部國有財產署"}}},{"arcs":[[23,-21]],"type":"Polygon","properties":{"縣市":"台東縣","鄉鎮市區":"海端鄉","段代碼":"0216","段小段":"廣原段","地號":"11380004","登記面積":"17077","使用分區":"山坡地保育區","使用地類別":"農牧用地","公告現值":"88","公告地價":"14","所有權人":{"登記次序":"0001","所有權人":"中華民國","統一編號":"0000000158","所有權人類別":"國有","權利範圍類別":"全部","權利範圍持分分母":"1","權利範圍持分分子":"1","申報地價":"14","管理者名稱":"財政部國有財產署"}}},{"arcs":[[-16,24]],"type":"Polygon","properties":{"縣市":"台東縣","鄉鎮市區":"海端鄉","段代碼":"0216","段小段":"廣原段","地號":"11380005","登記面積":"9118","使用分區":"山坡地保育區","使用地類別":"林業用地","公告現值":"88","公告地價":"14","所有權人":{"登記次序":"0001","所有權人":"中華民國","統一編號":"0000000158","所有權人類別":"國有","權利範圍類別":"全部","權利範圍持分分母":"1","權利範圍持分分子":"1","申報地價":"14","管理者名稱":"財政部國有財產署"}}},{"arcs":[[25]],"type":"Polygon","properties":{"縣市":"台東縣","鄉鎮市區":"海端鄉","段代碼":"0216","段小段":"廣原段","地號":"13900001","登記面積":"2141","使用分區":"山坡地保育區","使用地類別":"暫未編定","公告現值":"170","公告地價":"24","所有權人":{"登記次序":"0001","所有權人":"中華民國","統一編號":"0000000158","所有權人類別":"國有","權利範圍類別":"全部","權利範圍持分分母":"1","權利範圍持分分子":"1","申報地價":"24","管理者名稱":"財政部國有財產署"}}},{"arcs":[[26,27,28]],"type":"Polygon","properties":{"縣市":"台東縣","鄉鎮市區":"海端鄉","段代碼":"0216","段小段":"廣原段","地號":"14480000","登記面積":"38","使用分區":"山坡地保育區","使用地類別":"農牧用地","公告現值":"170","公告地價":"24","所有權人":{"登記次序":"0001","所有權人":"中華民國","統一編號":"0000000158","所有權人類別":"國有","權利範圍類別":"全部","權利範圍持分分母":"1","權利範圍持分分子":"1","申報地價":"24","管理者名稱":"財政部國有財產署"}}},{"arcs":[[29,-29,30,31]],"type":"Polygon","properties":{"縣市":"台東縣","鄉鎮市區":"海端鄉","段代碼":"0216","段小段":"廣原段","地號":"14490000","登記面積":"70","使用分區":"山坡地保育區","使用地類別":"農牧用地","公告現值":"170","公告地價":"24","所有權人":{"登記次序":"0001","所有權人":"中華民國","統一編號":"0000000158","所有權人類別":"國有","權利範圍類別":"全部","權利範圍持分分母":"1","權利範圍持分分子":"1","申報地價":"24","管理者名稱":"財政部國有財產署"}}},{"arcs":[[32,-32,33,34]],"type":"Polygon","properties":{"縣市":"台東縣","鄉鎮市區":"海端鄉","段代碼":"0216","段小段":"廣原段",